{
  "project_info": {
    "project_number": "146365595151",
    "firebase_url": "https://finalpets-9ffd4.firebaseio.com",
    "project_id": "finalpets-9ffd4",
    "storage_bucket": "finalpets-9ffd4.appspot.com"
  },
  "client": [
    {
      "client_info": {
        "mobilesdk_app_id": "1:146365595151:android:32e18570cba59595e22d7a",
        "android_client_info": {
          "package_name": "com.example.petsandroid"
        }
      },
      "oauth_client": [
        {
          "client_id": "146365595151-649tgbuqhhve23dsmkcio7m1p6gr4m9p.apps.googleusercontent.com",
          "client_type": 3
        }
      ],
      "api_key": [
        {
          "current_key": "AIzaSyDGyKSg69wWxK5N1dbT09__IonO8IDtnGM"
        }
      ],
      "services": {
        "appinvite_service": {
          "other_platform_oauth_client": [
            {
              "client_id": "146365595151-649tgbuqhhve23dsmkcio7m1p6gr4m9p.apps.googleusercontent.com",
              "client_type": 3
            }
          ]
        }
      }
    }
  ],
  "configuration_version": "1"
}